transaction_id,card_id,merchant_name,timestamp,amount,location,transaction_type,related_transaction_id,status,pending_balance
1,26,Barrett LLC,2025-04-01 01:21:09,131.76,"4395 Brenda Lake, Queens, NY 10859",bill_payment,,pending,154.41
2,43,Davidson-Moreno,2025-04-01 01:38:24,-232.74,"4251 Jacob Lodge, Yonkers, NY 11087",refund,,pending,-95.11000000000001
3,42,Garcia-Wright,2025-04-01 01:45:14,-274.27,"2661 Nicole Roads, New York, NY 11836",refund,,pending,-129.68999999999997
4,44,Walsh-Harris,2025-04-01 01:48:34,-328.71,"1468 Edward Walk, Bronx, NY 11645",refund,,pending,96.73000000000002
5,27,Wilson Inc,2025-04-01 02:02:39,273.43,"406 Davenport Hill, Staten Island, NY 15360",wire_transfer,,pending,312.35
6,38,Moore LLC,2025-04-01 02:04:34,92.25,"4537 James Forest, Buffalo, NY 11168",bill_payment,,pending,253.3
7,37,Snyder Ltd,2025-04-01 02:27:55,323.51,"9819 Lauren Orchard, Albany, NY 15867",bill_payment,,pending,345.25
8,15,Anderson Ltd,2025-04-01 02:39:07,490.57,"5698 Martin Village, Albany, NY 17120",p2p_transfer,,pending,648.37
9,31,Rosales-Holmes,2025-04-01 02:52:21,-347.13,"4716 Davis Hill, Albany, NY 11980",refund,,pending,-143.69
10,50,Young PLC,2025-04-01 03:00:25,12.52,"2260 Marcus Park, Rochester, NY 11786",purchase,,pending,625.14
11,26,"Roberts, Hooper and Maxwell",2025-04-01 03:05:46,269.96,"9569 Anderson Heights, Brooklyn, NY 18354",purchase,,pending,424.37
12,54,Parks-Wilson,2025-04-01 03:08:09,473.47,"4693 Kimberly Ridges, Cheektowaga, NY 10138",bill_payment,,pending,733.58
13,18,Schwartz LLC,2025-04-01 03:13:53,-163.43,"3725 David Park, Syracuse, NY 13486",refund,,pending,240.92000000000002
14,24,"Duffy, Robinson and Brooks",2025-04-01 03:31:05,274.49,"8900 Nicholas Branch, Albany, NY 19701",bill_payment,,pending,459.24
15,31,"Nelson, Bell and Huynh",2025-04-01 03:47:16,58.68,"6779 Christina Ports, Tammystad, CT 09935",atm_withdrawal,,declined,-143.69
16,14,Pineda LLC,2025-04-01 03:49:27,239.65,"4095 Woods Walk, Cheektowaga, NY 12739",purchase,,pending,344.25
17,21,"Miles, Gaines and Cherry",2025-04-01 04:05:31,161.29,"7048 Deanna Trail, Rochester, NY 10900",atm_withdrawal,,pending,190.68
18,3,Byrd PLC,2025-04-01 04:22:36,269.00,"241 Crawford Cape, Niagara Falls, NY 16230",p2p_transfer,,pending,2868.75
19,47,Washington Group,2025-04-01 04:24:42,129.22,"3211 Devin Field, South Williamtown, IL 61903",atm_withdrawal,,declined,78.46
20,36,Dean PLC,2025-04-01 04:39:34,164.75,"7353 Roberts Island, Schenectady, NY 17413",atm_withdrawal,,pending,1651.92
21,16,"Walsh, Foster and Russo",2025-04-01 04:54:11,224.56,"742 Laura Track, Syracuse, NY 10098",wire_transfer,,pending,1719.25
22,5,"Singleton, Scott and Wade",2025-04-01 05:25:55,-188.15,"1434 Collins Ports, Staten Island, NY 14601",refund,,pending,692.41
23,41,"Stuart, Orozco and Wallace",2025-04-01 05:39:14,-389.77,"6617 Thomas Inlet, Rochester, NY 14017",refund,,pending,-314.03
24,27,"Gonzalez, Sparks and Rodgers",2025-04-01 05:41:34,486.70,"6142 Medina Radial, White Plains, NY 11076",bill_payment,,pending,799.05
25,50,Malone-Greene,2025-04-01 05:43:32,183.56,"2427 Gay Plaza, Staten Island, NY 11006",atm_withdrawal,,pending,808.7
26,33,Holland-Davis,2025-04-01 05:46:02,59.24,"9367 Delgado Land, Brooklyn, NY 19129",bill_payment,,pending,325.27
27,6,"Rice, Wilkerson and Gross",2025-04-01 05:58:06,-176.14,"5337 Welch Lane, Ricardoville, VT 06554",refund,,declined,139.07
28,34,Vaughn-Roberts,2025-04-01 05:58:54,299.67,"454 Christopher Mount, Binghamton, NY 12044",purchase,,pending,882.5999999999999
29,44,Marshall PLC,2025-04-01 06:01:26,-101.20,"7835 Aaron Meadow, Albany, NY 10691",refund,,pending,-4.469999999999985
30,16,Simmons-Brown,2025-04-01 06:02:39,316.85,"7086 Stephens Ranch, Syracuse, NY 19670",bill_payment,,pending,2036.1
31,7,Miranda-Anderson,2025-04-01 06:04:31,-15.93,"9273 Patricia Squares, Albany, NY 15554",refund,,pending,43.46
32,2,Pugh PLC,2025-04-01 06:12:51,39.39,"5688 Todd Locks, Utica, NY 15153",atm_withdrawal,,pending,149.75
33,54,Maldonado-Davis,2025-04-01 07:36:24,-314.66,"5401 Morales Junction, Queens, NY 11832",refund,,pending,418.92
34,13,"Johnson, Weber and Carson",2025-04-01 07:37:49,204.15,"1378 Everett Crest, Troy, NY 19047",bill_payment,,pending,596.33
35,29,Lamb-Patel,2025-04-01 07:44:00,2565.60,"507 Romero Garden, Albany, NY 13058",atm_withdrawal,,pending,2865.46
36,19,"Ramsey, Tucker and Moreno",2025-04-01 08:02:00,-106.37,"4096 Thomas Plain, Syracuse, NY 11487",refund,,pending,-49.63
37,35,"Price, Hogan and Lopez",2025-04-01 08:05:31,50.67,"7650 Flores Common, Ithaca, NY 16241",bill_payment,,pending,121.78
38,17,Kennedy Inc,2025-04-01 08:08:08,-186.56,"577 Wilson Road, Queens, NY 10784",refund,,pending,-163.29
39,39,"Brown, Rosario and Winters",2025-04-01 08:14:45,138.21,"1625 Harris Bridge, Niagara Falls, NY 12567",atm_withdrawal,,pending,384.87
40,35,Kirk-Reyes,2025-04-01 08:16:20,170.77,"4607 Peggy Stream, New York, NY 11983",bill_payment,,pending,292.55
41,42,Salazar-Robles,2025-04-01 08:17:29,29.27,"9541 Vanessa Plain, Queens, NY 13650",atm_withdrawal,,pending,-100.41999999999997
42,17,Clark-Wade,2025-04-01 08:18:01,219.26,"2871 Brock Divide, Bronx, NY 11766",bill_payment,,pending,55.97
43,41,Hardin PLC,2025-04-01 08:28:32,356.62,"4942 Susan Spring, White Plains, NY 11964",p2p_transfer,,pending,42.59000000000003
44,51,Harris-Kane,2025-04-01 08:57:44,369.03,"763 Evans Flat, Cheektowaga, NY 18034",wire_transfer,,pending,1102.48
45,19,Austin-Bailey,2025-04-01 09:07:10,-323.22,"555 Virginia Bypass, North Ruben, NJ 00737",refund,,declined,-49.63
46,18,Byrd PLC,2025-04-01 09:07:19,72.98,"1314 Wilkins Summit, East Heatherville, VT 01994",bill_payment,,declined,240.92000000000002
47,44,Gonzalez PLC,2025-04-01 09:14:57,187.43,"867 Sarah Forges, Johnmouth, IL 68120",atm_withdrawal,,declined,-4.469999999999985
48,11,Matthews-Fuentes,2025-04-01 09:25:07,328.53,"6630 Jacob Parks, Yonkers, NY 11948",p2p_transfer,,pending,416.98999999999995
49,29,Grimes Group,2025-04-01 09:26:25,138.82,"8537 Douglas Throughway, Yonkers, NY 17540",p2p_transfer,,pending,3004.28
50,20,Mejia-Jones,2025-04-01 09:31:28,228.53,"5306 Sanchez Coves, Schenectady, NY 16778",p2p_transfer,,pending,264.28
51,43,Bell-Ellison,2025-04-01 09:44:00,26.47,"5905 Mary Hill, Port Nicholasstad, CA 90321",atm_withdrawal,,declined,-95.11000000000001
52,8,Hunt Inc,2025-04-01 10:06:43,207.39,"1790 Martinez Row, Yonkers, NY 10406",purchase,,pending,379.34
53,33,Reese LLC,2025-04-01 10:10:20,-380.58,"9149 Christina Turnpike, Utica, NY 14793",refund,,pending,-55.31
54,48,Howard-Ross,2025-04-01 10:21:54,197.14,"9829 Gomez Fork, Bronx, NY 12400",atm_withdrawal,,pending,481.40999999999997
55,45,Wallace Ltd,2025-04-01 10:50:22,374.19,"9583 Castillo Viaduct, Niagara Falls, NY 16526",bill_payment,,pending,600.8299999999999
56,38,"Johnson, Torres and Mcbride",2025-04-01 11:05:42,225.32,"3504 William Prairie, Schenectady, NY 18372",wire_transfer,,pending,478.62
57,3,Hernandez-Espinoza,2025-04-01 11:39:55,165.00,"1161 Anthony Haven, Utica, NY 19887",purchase,,pending,3033.75
58,36,Evans Ltd,2025-04-01 11:48:31,198.27,"6489 Cline Fords, Staten Island, NY 16088",wire_transfer,,pending,1850.19
59,43,"James, Grant and Duncan",2025-04-01 11:49:40,-308.04,"7646 Golden Wall, Bronx, NY 15524",refund,,pending,-403.15000000000003
60,17,Dillon-Mckenzie,2025-04-01 11:55:34,350.02,"4870 Page Lights, Utica, NY 19286",wire_transfer,,pending,405.99
61,40,Giles PLC,2025-04-01 12:03:31,226.12,"7899 Russo Square, Niagara Falls, NY 13524",bill_payment,,pending,1049.8200000000002
62,36,"Richards, Roberts and Gill",2025-04-01 12:13:16,463.42,"9306 Jason Isle, East Samantha, PA 19988",bill_payment,,pending,2313.61
63,17,"Williams, Shelton and Hanson",2025-04-01 12:13:25,28.32,"1971 Devin Meadows, Binghamton, NY 18678",atm_withdrawal,,pending,434.31
64,40,"Garcia, Knight and Moses",2025-04-01 12:24:15,384.79,"6177 Danielle Point, Rochester, NY 19266",wire_transfer,,pending,1434.6100000000001
65,44,"Alvarez, Rios and Glover",2025-04-01 12:37:31,-71.17,"3658 Moreno Course, Queens, NY 17501",refund,,pending,-75.63999999999999
66,37,Hicks-Morgan,2025-04-01 12:41:20,91.67,"282 Davidson Pine, Buffalo, NY 18773",p2p_transfer,,pending,436.92
67,17,"Nelson, Willis and Petty",2025-04-01 13:08:01,2344.35,"2721 Lisa Fork, White Plains, NY 14133",p2p_transfer,,pending,2778.66
68,45,Jackson-Hansen,2025-04-01 13:14:22,67.34,"8110 Pierce Fields, Niagara Falls, NY 11747",bill_payment,,pending,668.17
69,38,"Jones, Torres and Long",2025-04-01 13:31:04,60.49,"3907 Bailey Harbor, Staten Island, NY 14607",purchase,,pending,539.11
70,19,Shaw-Smith,2025-04-01 13:43:40,212.34,"1322 Kaitlyn Road, Brooklyn, NY 15031",p2p_transfer,,pending,162.71
71,51,Contreras Group,2025-04-01 14:10:34,96.62,"8871 Welch Rue, Syracuse, NY 10615",atm_withdrawal,,pending,1199.1
72,43,"Johnson, Reynolds and Wilson",2025-04-01 14:11:58,443.39,"6097 Macdonald Way, Ithaca, NY 13984",bill_payment,,pending,40.23999999999995
73,31,"Morales, Medina and Wright",2025-04-01 14:22:02,158.48,"1832 Jeffrey Overpass, New York, NY 15807",bill_payment,,pending,14.789999999999992
74,34,"Miranda, Reed and Long",2025-04-01 14:33:09,72.92,"8989 Dickerson Points, Niagara Falls, NY 15325",wire_transfer,,pending,955.5199999999999
75,6,Bryant Inc,2025-04-01 14:48:29,-255.01,"9410 Amanda Mission, Cheektowaga, NY 17209",refund,,pending,-115.94
76,42,Hughes LLC,2025-04-01 14:56:29,106.86,"3713 Allison Junctions, Ithaca, NY 11902",p2p_transfer,,pending,6.440000000000026
77,46,Luna Group,2025-04-01 14:58:56,33.77,"7682 Jennifer Causeway, Ithaca, NY 10764",atm_withdrawal,,pending,112.28999999999999
78,53,"Valentine, Harris and Wagner",2025-04-01 15:00:36,31.68,"4662 Bridges Bypass, Cheektowaga, NY 18705",purchase,,pending,67.53999999999999
79,26,Lawson LLC,2025-04-01 15:10:39,206.13,"6528 Adams Motorway, Cheektowaga, NY 14194",p2p_transfer,,pending,630.5
80,34,"Mason, Schwartz and Davis",2025-04-01 16:10:39,301.47,"624 Amanda Extensions, Cheektowaga, NY 15927",p2p_transfer,,pending,1256.9899999999998
81,13,Smith LLC,2025-04-01 16:11:51,264.86,"9392 Carr Circles, Ithaca, NY 17040",bill_payment,,pending,861.19
82,15,Berg PLC,2025-04-01 16:13:11,3050.55,"2951 Powell Springs, Utica, NY 19127",wire_transfer,,declined,648.37
83,20,"Miller, Jackson and Lewis",2025-04-01 16:29:17,195.94,"269 Stephen Street, Ithaca, NY 14582",purchase,,pending,460.21999999999997
84,3,"Weaver, Carr and Jennings",2025-04-01 16:51:42,385.62,"880 Zachary Court, Staten Island, NY 10804",bill_payment,,pending,3419.37
85,10,"Baker, Chavez and Schultz",2025-04-01 17:06:23,137.84,"3661 Michael Road, Albany, NY 19017",atm_withdrawal,,pending,254.92000000000002
86,9,Howell Inc,2025-04-01 17:51:30,101.50,"2003 Powers Mount, Ithaca, NY 15237",p2p_transfer,,pending,856.38
87,23,Middleton-Carney,2025-04-01 18:08:15,154.58,"2591 Miller Island, Albany, NY 12835",atm_withdrawal,,pending,961.63
88,17,Jackson Ltd,2025-04-01 18:18:53,-277.66,"9697 Ruth Plains, Queens, NY 15437",refund,,pending,2501.0
89,12,Montgomery-Collier,2025-04-01 18:19:56,-193.72,"497 Barron Overpass, Syracuse, NY 17802",refund,,pending,390.73
90,22,Green-Melton,2025-04-01 18:28:06,77.07,"7058 Alyssa Course, Bronx, NY 17742",atm_withdrawal,,pending,221.53
91,29,Robertson-Mason,2025-04-01 18:29:56,29.87,"2933 Hughes Knoll, Schenectady, NY 12430",purchase,,pending,3034.15
92,4,Harrison PLC,2025-04-01 18:38:53,162.78,"7353 Shane Knoll, Troy, NY 12169",atm_withdrawal,,pending,561.35
93,54,Anderson-Lawrence,2025-04-01 18:40:07,177.08,"2093 Preston Village, Syracuse, NY 19226",bill_payment,,pending,596.0
94,29,"Guerrero, Bennett and Navarro",2025-04-01 19:11:38,57.46,"4645 Fritz Overpass, Niagara Falls, NY 11153",p2p_transfer,,pending,3091.61
95,27,Klein LLC,2025-04-01 19:12:24,-8.91,"6793 Mccarty Lodge, Troy, NY 18282",refund,,pending,790.14
96,34,Johnson-Woods,2025-04-01 19:13:03,55.92,"9972 Schroeder Manors, Buffalo, NY 10557",atm_withdrawal,,pending,1312.9099999999999
97,2,Hernandez-Greer,2025-04-01 19:18:40,164.95,"3052 Williamson Port, Buffalo, NY 11834",p2p_transfer,,pending,314.7
98,50,Cruz Group,2025-04-01 19:23:23,90.85,"7822 Butler Green, Queens, NY 14549",purchase,,pending,899.5500000000001
99,38,"Osborne, Jacobson and Hawkins",2025-04-01 19:26:35,90.93,"1457 Stout Street, Utica, NY 10855",p2p_transfer,,pending,630.04
100,33,"Gonzales, Carter and Case",2025-04-01 19:38:06,105.57,"4726 David Wall, Rochester, NY 10091",atm_withdrawal,,pending,50.25999999999999
101,3,"Mora, Bauer and Wood",2025-04-01 20:14:24,-153.03,"5199 Allen Fork, Yonkers, NY 16904",refund,,pending,3266.3399999999997
102,39,Salazar and Sons,2025-04-01 20:16:16,84.99,"7570 Price Heights, New York, NY 19294",purchase,,pending,469.86
103,50,Henderson-Hoffman,2025-04-01 20:26:10,-69.56,"8417 Kristie Freeway, Troy, NY 10787",refund,,pending,829.99
104,49,"Walters, Jensen and Christensen",2025-04-01 20:26:56,432.15,"2987 Judith Brooks, Albany, NY 19870",wire_transfer,,pending,518.5699999999999
105,19,Avila-Gordon,2025-04-01 20:27:07,402.84,"8663 Aaron Place, Staten Island, NY 10494",p2p_transfer,,pending,565.55
106,10,Hodge Group,2025-04-01 20:28:08,-149.50,"6687 Wall Villages, New York, NY 14495",refund,,pending,105.42000000000002
107,53,"Pham, Dawson and Dunn",2025-04-01 20:30:42,299.76,"563 Rose Mountains, Yonkers, NY 11532",wire_transfer,,pending,367.29999999999995
108,54,Lawrence Inc,2025-04-01 20:47:00,164.12,"6850 Coleman Stravenue, Rochester, NY 15848",bill_payment,,pending,760.12
109,44,"Smith, Robles and Hernandez",2025-04-01 20:49:06,464.58,"3822 Hughes Mountain, Staten Island, NY 16267",bill_payment,,pending,388.94
110,1,"Williams, Smith and Johnson",2025-04-01 20:59:55,11.81,"8594 Delacruz Rest, North Jeremy, NJ 01680",purchase,,declined,120.67
111,3,Brooks-Keller,2025-04-01 21:06:20,411.49,"3077 Cross Point, Ithaca, NY 16052",bill_payment,,pending,3677.83
112,3,"Webb, Guzman and Stevens",2025-04-01 21:21:24,492.13,"4184 Joseph Lights, Buffalo, NY 12526",wire_transfer,,pending,4169.96
113,42,Moore Ltd,2025-04-01 21:36:13,73.21,"6196 Conrad Highway, Syracuse, NY 17309",atm_withdrawal,,pending,79.65000000000002
114,43,"Lewis, Walker and Oconnell",2025-04-01 21:37:10,309.95,"9775 Robert Groves, Rochester, NY 14015",bill_payment,,pending,350.18999999999994
115,48,Matthews Inc,2025-04-01 21:37:35,464.22,"7930 Nicole Stravenue, Niagara Falls, NY 16865",bill_payment,,pending,945.63
116,20,Henderson Group,2025-04-01 21:53:46,-444.86,"1440 Johnston Ridge, Schenectady, NY 16670",refund,,pending,15.359999999999957
117,15,Young-Escobar,2025-04-01 21:56:19,114.48,"2630 Lutz Causeway, White Plains, NY 15137",atm_withdrawal,,pending,762.85
118,11,Jenkins-Cruz,2025-04-01 21:58:04,83.35,"2400 Brandon Wells, Staten Island, NY 15243",p2p_transfer,,pending,500.3399999999999
119,16,"Jordan, Ruiz and Lopez",2025-04-01 22:05:51,288.73,"982 Mia Lakes, Albany, NY 14841",bill_payment,,pending,2324.83
120,27,Moody Inc,2025-04-01 22:14:40,1629.00,"85 Andrew Expressway, Yonkers, NY 16440",wire_transfer,,pending,2419.14
121,42,"Andrews, Hammond and Roberts",2025-04-01 22:14:47,-54.78,"1292 Kathryn Freeway, Schenectady, NY 10838",refund,,pending,24.87000000000002
122,12,Barrett-Monroe,2025-04-01 22:31:42,451.54,"1667 Bryant Roads, Troy, NY 16349",wire_transfer,,pending,842.27
123,30,"Richards, Scott and Smith",2025-04-01 22:38:56,-281.57,"951 Mccoy Stravenue, Bronx, NY 19102",refund,,pending,-10.490000000000009
124,52,Garrett-Brown,2025-04-01 22:51:07,95.34,"5439 Audrey Inlet, Hansenborough, NJ 05777",p2p_transfer,,declined,2314.01
125,47,"Webb, Parker and Gilmore",2025-04-01 22:53:38,382.18,"27 Watson Crossing, Staten Island, NY 16320",wire_transfer,,pending,460.64
126,39,Garcia-Elliott,2025-04-01 22:56:32,183.02,"9185 Molly Freeway, Monroehaven, PA 18977",wire_transfer,,pending,652.88
127,3,Smith-Johnson,2025-04-01 22:57:35,373.77,"5237 Wendy Greens, Binghamton, NY 19571",wire_transfer,,pending,4543.73
128,42,Gordon-Fischer,2025-04-01 23:00:43,156.93,"1718 Amanda Pines, Buffalo, NY 11957",wire_transfer,,pending,181.8
129,29,Andersen-Rodriguez,2025-04-01 23:13:35,63.18,"1533 Sarah Cape, New York, NY 11877",atm_withdrawal,,pending,3154.79
130,5,"Gomez, Neal and Lewis",2025-04-01 23:20:51,290.63,"5948 Montes Heights, White Plains, NY 17569",purchase,,pending,983.04
131,20,"Garza, Watkins and Villarreal",2025-04-01 23:40:32,21.96,"3558 Brett Plaza, White Plains, NY 11184",atm_withdrawal,,pending,37.31999999999996
132,48,Campbell-Cannon,2025-04-02 01:14:10,465.82,"6662 Katie Drive, New York, NY 17423",bill_payment,,pending,1411.45
133,19,Bennett Inc,2025-04-02 01:35:05,115.96,"4711 Jon Forge, Schenectady, NY 12506",bill_payment,,pending,681.51
134,43,Martinez LLC,2025-04-02 02:07:43,98.78,"7007 Evans Shoals, Niagara Falls, NY 17346",wire_transfer,,pending,448.9699999999999
135,38,Walker-Hale,2025-04-02 02:16:16,70.63,"8631 Martinez Glen, Albany, NY 18632",p2p_transfer,,pending,700.67
136,38,"Coleman, Padilla and Hobbs",2025-04-02 02:22:48,129.59,"991 Ryan Village, New Joshuachester, MA 05167",wire_transfer,,declined,700.67
137,24,Chavez Group,2025-04-02 02:34:29,341.86,"7197 Johnson Bypass, Albany, NY 10377",p2p_transfer,,pending,801.1
138,44,Sharp-Choi,2025-04-02 02:39:28,453.29,"2991 Nguyen Grove, Buffalo, NY 13947",wire_transfer,,pending,842.23
139,31,Hawkins Group,2025-04-02 02:59:58,134.33,"7461 Matthew Prairie, Troy, NY 18680",bill_payment,,pending,149.12
140,38,George-Perez,2025-04-02 03:20:13,192.28,"4722 Carlos Loop, West Debra, IL 61938",atm_withdrawal,,declined,700.67
141,25,Horn LLC,2025-04-02 03:20:19,113.34,"3797 Clark Springs, Schenectady, NY 13153",atm_withdrawal,,pending,455.16999999999996
142,38,Stevens-Aguirre,2025-04-02 03:35:39,157.97,"5316 Cheryl Garden, Troy, NY 13632",atm_withdrawal,,pending,858.64
143,37,Merritt Group,2025-04-02 03:59:18,-186.99,"8653 Webb Centers, Ithaca, NY 19926",refund,,pending,249.93
144,11,Myers-Brown,2025-04-02 04:09:47,73.55,"9990 Mathew Fords, Utica, NY 15435",wire_transfer,,pending,573.8899999999999
145,40,Taylor and Sons,2025-04-02 04:16:09,267.48,"4633 Dickerson Harbors, Niagara Falls, NY 15292",wire_transfer,,pending,1702.0900000000001
146,47,"Carpenter, Mitchell and Castaneda",2025-04-02 04:26:43,445.07,"1105 Bowers Loop, Bronx, NY 17604",p2p_transfer,,pending,905.71
147,48,Li Ltd,2025-04-02 04:30:57,404.93,"7617 Marilyn Motorway, North Gregory, PA 18875",wire_transfer,,pending,1816.38
148,46,Hayes Inc,2025-04-02 04:38:58,451.93,"6930 Jeffrey Loop, Yonkers, NY 15202",p2p_transfer,,pending,564.22
149,19,"Morgan, Lee and Allen",2025-04-02 04:52:27,173.59,"7800 Newman Burgs, West Danieltown, TX 77523",bill_payment,,declined,681.51
150,11,"Delacruz, Rodriguez and Martin",2025-04-02 04:55:44,257.46,"3791 Patricia Ports, Niagara Falls, NY 14877",wire_transfer,,pending,831.3499999999999
151,21,Sanders-May,2025-04-02 05:25:10,146.10,"7750 Martinez Key, Queens, NY 17616",purchase,,pending,336.78
152,33,"Evans, Sanders and Smith",2025-04-02 05:28:44,28.67,"4744 Derek Summit, Schenectady, NY 19188",purchase,,pending,78.92999999999999
153,39,"Tucker, Warren and Maxwell",2025-04-02 05:30:14,-402.44,"6316 Lisa Mountain, Utica, NY 12243",refund,,pending,250.44
154,26,"Olson, Fernandez and Gross",2025-04-02 05:30:21,352.88,"1908 Abigail Shore, Albany, NY 15220",wire_transfer,,pending,983.38
155,51,Shannon Inc,2025-04-02 05:47:10,87.56,"6480 King Port, Staten Island, NY 14638",atm_withdrawal,,pending,1286.6599999999999
156,31,Acevedo Group,2025-04-02 05:57:13,365.42,"2090 Tonya Keys, Cheektowaga, NY 17316",wire_transfer,,pending,514.54
157,2,James-Kline,2025-04-02 07:12:07,371.50,"9547 Wilson Meadows, Ithaca, NY 14198",wire_transfer,,pending,686.2
158,19,"Parker, Waters and Martinez",2025-04-02 07:18:02,186.41,"8086 Brandon Rapids, Buffalo, NY 11136",bill_payment,,pending,867.92
159,35,"Cummings, Morris and Hart",2025-04-02 07:18:16,225.04,"3455 Diane Station, Niagara Falls, NY 17989",wire_transfer,,pending,517.59
160,2,"Suarez, Schmidt and Miller",2025-04-02 07:27:52,-93.77,"8311 Mckenzie View, Binghamton, NY 15358",refund,,pending,592.4300000000001
161,1,Robinson-Hall,2025-04-02 07:53:01,165.15,"3892 Rodriguez Bypass, Niagara Falls, NY 18478",atm_withdrawal,,pending,285.82
162,46,Williams LLC,2025-04-02 08:29:24,-410.23,"910 Harris Forge, East Richardbury, MA 06915",refund,,declined,564.22
163,26,Parker PLC,2025-04-02 08:34:55,381.48,"7731 Shelton Stravenue, Buffalo, NY 19236",bill_payment,,declined,983.38
164,11,Nguyen-Mueller,2025-04-02 08:37:39,-83.62,"5368 Parks Plain, Bronx, NY 14433",refund,,pending,747.7299999999999
165,45,Rogers PLC,2025-04-02 08:43:50,163.19,"931 Ashley Brooks, Rochester, NY 17680",p2p_transfer,,pending,831.3599999999999
166,50,Holt-Jackson,2025-04-02 08:52:26,3835.05,"1589 Ricardo Stream, Bronx, NY 10676",purchase,,pending,4665.04
167,19,Marshall PLC,2025-04-02 09:02:30,133.71,"7071 Richardson Skyway, Binghamton, NY 17165",bill_payment,,pending,1001.63
168,22,Gutierrez-Manning,2025-04-02 09:03:52,52.22,"8046 Burch Underpass, Troy, NY 16169",atm_withdrawal,,pending,273.75
169,16,Anderson Ltd,2025-04-02 09:39:28,123.59,"7416 Victor Drive, Cheektowaga, NY 12961",atm_withdrawal,,pending,2448.42
170,23,"Ashley, Brewer and Craig",2025-04-02 10:20:02,-291.37,"8340 Lee Rue, Cheektowaga, NY 17185",refund,,pending,670.26
171,53,Choi-Bowers,2025-04-02 10:25:14,120.84,"9300 Kimberly Motorway, Queens, NY 17834",purchase,,pending,488.14
172,11,"Ramos, Pham and Hunter",2025-04-02 10:42:35,77.66,"1518 Moore Centers, Bronx, NY 18187",bill_payment,,pending,825.3899999999999
173,2,Peterson Ltd,2025-04-02 10:56:57,346.88,"3574 Benjamin Brooks, Cheektowaga, NY 18867",p2p_transfer,,pending,939.3100000000001
174,18,Ward Inc,2025-04-02 11:13:25,-274.90,"7384 Samantha Creek, Binghamton, NY 11336",refund,,pending,-33.97999999999996
175,15,"Montoya, Nichols and Smith",2025-04-02 11:13:35,145.27,"4037 Suarez Terrace, White Plains, NY 19417",purchase,,pending,908.12
176,22,"Brady, Robertson and Anderson",2025-04-02 12:02:19,148.12,"9253 Katelyn Manor, Rochester, NY 17970",p2p_transfer,,pending,421.87
177,48,Marshall and Sons,2025-04-02 12:25:18,104.16,"196 Key Creek, Queens, NY 10459",purchase,,pending,1920.5400000000002
178,36,"Williams, Miller and Dawson",2025-04-02 12:45:35,81.63,"5814 Cook Course, Niagara Falls, NY 16994",atm_withdrawal,,pending,2395.2400000000002
179,44,Klein Ltd,2025-04-02 12:52:43,927.15,"777 Janice Green, Davidburgh, IL 61177",purchase,,declined,842.23
180,3,"Hines, Nichols and Garcia",2025-04-02 12:53:25,172.73,"1744 Mary Station, Rochester, NY 10369",purchase,,pending,4716.459999999999
181,20,Lewis-Davis,2025-04-02 13:03:02,147.75,"528 Cole Terrace, Syracuse, NY 15676",wire_transfer,,pending,185.06999999999996
182,47,Ortiz Inc,2025-04-02 13:07:47,128.16,"8416 Flynn Ports, Syracuse, NY 12695",purchase,,pending,1033.8700000000001
183,35,"Horton, Richards and Herring",2025-04-02 13:32:27,428.48,"1671 Paul Rest, Utica, NY 12351",p2p_transfer,,pending,946.07
184,39,Moore-Shepard,2025-04-02 13:46:17,449.93,"549 Alan Mills, Brooklyn, NY 10024",wire_transfer,,pending,700.37
185,23,Levine Inc,2025-04-02 14:23:56,72.12,"9035 Charles Estate, Cheektowaga, NY 12145",atm_withdrawal,,pending,742.38
186,26,Stanley LLC,2025-04-02 14:53:00,210.91,"3787 Joshua Landing, Troy, NY 18292",purchase,,pending,1194.29
187,14,Ball and Sons,2025-04-02 14:53:11,275.37,"3172 Jessica Springs, Syracuse, NY 11303",bill_payment,,pending,619.62
188,15,"Harmon, Willis and Scott",2025-04-02 14:55:02,139.48,"6900 Daniel Pike, Albany, NY 16748",atm_withdrawal,,pending,1047.6
189,36,Haynes PLC,2025-04-02 17:03:54,221.55,"6106 Diana Brook, Troy, NY 17824",purchase,,pending,2616.7900000000004
190,29,Weber LLC,2025-04-02 17:31:49,215.81,"641 Swanson Mountain, Staten Island, NY 18710",wire_transfer,,pending,3370.6
191,49,Hernandez-Rosales,2025-04-02 17:37:22,2473.65,"1933 Stone Villages, Schenectady, NY 16823",p2p_transfer,,pending,2992.2200000000003
192,21,Jones-Hodges,2025-04-02 17:51:58,-53.52,"2539 Miles Brook, Millerstad, VT 08573",refund,,declined,336.78
193,11,"Castro, Thomas and Whitehead",2025-04-02 17:55:02,453.49,"4923 Williams Junctions, Utica, NY 18910",bill_payment,,pending,1278.8799999999999
194,24,"Kline, Ware and Mendoza",2025-04-02 18:05:53,340.68,"7025 Kelly Passage, Schenectady, NY 16535",bill_payment,,pending,1141.78
195,32,Crane-Tanner,2025-04-02 18:07:26,228.64,"442 Hebert Lock, Staten Island, NY 12052",p2p_transfer,,pending,1023.79
196,14,"Perry, Todd and Long",2025-04-02 18:11:46,486.61,"3303 Mary Village, Staten Island, NY 19061",bill_payment,,pending,1106.23
197,38,"Wade, Anderson and Powell",2025-04-02 18:20:48,210.14,"8108 Colleen Road, Queens, NY 13876",p2p_transfer,,pending,1068.78
198,9,Gay and Sons,2025-04-02 19:10:41,145.35,"43 Powell Falls, Youngland, MA 07532",wire_transfer,,declined,856.38
199,48,Williams Ltd,2025-04-02 19:14:43,73.86,"7477 John Road, Rochester, NY 15682",atm_withdrawal,,pending,1994.4
200,16,"Benjamin, Hunter and Mason",2025-04-02 19:19:22,174.06,"8433 Monica View, Brooklyn, NY 16457",atm_withdrawal,,pending,2622.48
201,53,"Jones, Davidson and Hodge",2025-04-02 19:24:58,94.67,"92 John Locks, Niagara Falls, NY 10320",wire_transfer,,pending,582.81
202,39,Reed and Sons,2025-04-02 19:30:24,147.23,"2316 Frank Pass, Brooklyn, NY 13707",bill_payment,,pending,847.6
203,38,Lopez Inc,2025-04-02 19:31:45,190.60,"5582 Ernest Overpass, South Manuelhaven, NJ 04197",wire_transfer,,declined,1068.78
204,11,"Bell, Jones and Ramos",2025-04-02 19:55:59,57.14,"8773 Dixon Burgs, Bronx, NY 19598",p2p_transfer,,pending,1336.02
205,36,"Page, Carney and Jackson",2025-04-02 20:43:57,-131.93,"7582 Ryan Drive, New York, NY 16435",refund,,pending,2484.8600000000006
206,9,"Myers, Holloway and Knapp",2025-04-02 20:56:00,262.46,"832 Kenneth Gateway, Syracuse, NY 19856",purchase,,pending,1118.84
207,39,Scott Ltd,2025-04-02 20:57:04,142.81,"6290 David Loaf, Staten Island, NY 13935",wire_transfer,,pending,990.4100000000001
208,27,Mcdonald Ltd,2025-04-02 21:34:47,139.01,"1103 Johnson Harbor, Troy, NY 10323",wire_transfer,,pending,2558.1499999999996
209,27,"Lopez, Hall and Thompson",2025-04-02 21:51:26,400.31,"2860 David Manors, Troy, NY 15011",p2p_transfer,,pending,2958.4599999999996
210,9,Cunningham Inc,2025-04-02 22:23:46,-333.14,"7870 Shelley Row, Binghamton, NY 19471",refund,,pending,785.6999999999999
211,50,Williams-Davies,2025-04-02 22:42:29,346.15,"1774 Baker Mission, Buffalo, NY 17585",bill_payment,,pending,5011.19
212,26,Allen LLC,2025-04-02 22:45:30,138.39,"8283 David Keys, Rochester, NY 14818",p2p_transfer,,declined,1194.29
213,16,Massey LLC,2025-04-02 23:04:51,487.39,"3531 Garrett Unions, White Plains, NY 14365",wire_transfer,,pending,3109.87
214,42,Smith-Hardin,2025-04-02 23:08:35,336.42,"1983 Carter Rapid, Albany, NY 11009",p2p_transfer,,pending,518.22
215,17,Jackson and Sons,2025-04-02 23:25:03,172.93,"5706 Stephanie Ville, Rochester, NY 18813",atm_withdrawal,,pending,2673.93
216,20,Mann Inc,2025-04-02 23:46:58,-131.53,"6551 Evan Wall, Troy, NY 19093",refund,,pending,53.539999999999964
217,50,"Mann, Berg and Moore",2025-04-02 23:48:19,198.16,"2939 Sheila Wall, Binghamton, NY 17237",atm_withdrawal,,pending,5209.349999999999
218,25,"Rodriguez, Young and Ramos",2025-04-03 01:01:12,113.23,"6800 Reeves Vista, Brooklyn, NY 13215",purchase,,pending,568.4
219,11,Sanchez-Rivera,2025-04-03 01:08:42,365.85,"7557 Jenkins Flats, Pattersonside, NJ 09622",bill_payment,,declined,1336.02
220,10,"Lee, Williams and Williams",2025-04-03 02:25:09,63.98,"7228 Melanie Knolls, Albany, NY 10110",atm_withdrawal,,pending,169.4
221,27,"Walker, Kane and Smith",2025-04-03 02:35:45,77.59,"428 Michelle Court, Diamondborough, PA 15986",purchase,,pending,3036.0499999999997
222,53,"Drake, Lyons and Durham",2025-04-03 02:42:49,251.27,"1561 Lori Run, Bronx, NY 14707",wire_transfer,,pending,834.0799999999999
223,50,Greene-Neal,2025-04-03 04:03:07,242.98,"4947 Marvin Forest, Binghamton, NY 19952",wire_transfer,,pending,5452.329999999999
224,49,Holloway-Campbell,2025-04-03 04:08:13,266.95,"7231 Wang Lakes, Brooklyn, NY 19902",wire_transfer,,pending,3259.17
225,48,Frederick PLC,2025-04-03 04:34:17,5065.05,"1789 Mccall Crescent, Ithaca, NY 15126",wire_transfer,,declined,1994.4
226,25,Cox PLC,2025-04-03 04:35:02,224.21,"4301 Garcia Street, Perkinsside, NJ 03461",purchase,,declined,568.4
227,45,"Trevino, Williams and Martinez",2025-04-03 04:44:27,458.24,"3065 Perez Falls, Cheektowaga, NY 19185",p2p_transfer,,pending,1289.6
228,39,"Kaufman, Rasmussen and Cameron",2025-04-03 06:28:47,-200.34,"2970 Hartman Square, Cheektowaga, NY 10584",refund,,pending,790.07
229,7,"Morris, Gates and Lutz",2025-04-03 06:28:55,186.52,"7539 Jones Knoll, Binghamton, NY 12835",wire_transfer,,pending,229.98000000000002
230,8,"Smith, Garcia and Barton",2025-04-03 06:32:47,37.45,"2525 Hampton Highway, Syracuse, NY 14680",atm_withdrawal,,pending,416.78999999999996
231,41,Galvan-Henderson,2025-04-03 06:40:20,3007.80,"444 Brown Locks, Binghamton, NY 14259",bill_payment,,declined,42.59000000000003
232,34,"Wilson, Jones and Johnson",2025-04-03 06:43:59,-194.99,"4719 Brown Terrace, Albany, NY 17083",refund,,pending,1117.9199999999998
233,50,Boyd Group,2025-04-03 06:46:10,321.48,"4677 Tara Street, Albany, NY 16800",p2p_transfer,,pending,5773.8099999999995
234,48,"Lowery, Cain and Hardin",2025-04-03 06:46:31,11.99,"2782 Webster Lake, Rochester, NY 11733",purchase,,pending,2006.39
235,42,"Martinez, Gill and Martin",2025-04-03 06:47:56,453.06,"7577 Moody Grove, Niagara Falls, NY 11777",p2p_transfer,,pending,971.28
236,44,"Reynolds, Fisher and Mcguire",2025-04-03 07:11:12,-76.32,"6874 Palmer Summit, Veronicaville, CT 09828",refund,,declined,842.23
237,28,"Long, Williams and Shields",2025-04-03 07:18:14,217.10,"3617 Adkins Lakes, Cheektowaga, NY 13251",purchase,,pending,1500.98
238,6,Delacruz Inc,2025-04-03 07:31:04,-84.05,"318 Mercado Bridge, Ithaca, NY 10249",refund,,pending,-199.99
239,52,Cobb LLC,2025-04-03 07:42:12,-170.04,"3765 Schultz Springs, Albany, NY 19615",refund,,pending,2143.9700000000003
240,35,Young Group,2025-04-03 07:54:35,62.23,"5550 Trevor Freeway, Bronx, NY 13752",purchase,,pending,1008.3000000000001
241,39,Erickson PLC,2025-04-03 08:08:58,284.62,"9593 Sutton Groves, Niagara Falls, NY 16585",purchase,,pending,1074.69
242,14,Sherman-Alvarez,2025-04-03 08:15:06,223.30,"2750 Theresa Oval, Utica, NY 13301",p2p_transfer,,pending,1329.53
243,22,Haney Group,2025-04-03 08:33:20,375.65,"3875 Alvarado Expressway, Queens, NY 10247",bill_payment,,pending,797.52
244,33,Rodgers Inc,2025-04-03 08:36:56,413.17,"2694 Oneal Trail, Ithaca, NY 16277",wire_transfer,,pending,492.1
245,46,"Ruiz, Powell and Maldonado",2025-04-03 08:41:47,57.12,"3817 Daniels Highway, Bronx, NY 11132",bill_payment,,pending,621.34
246,5,"Garcia, Davis and Watts",2025-04-03 08:57:35,237.24,"9237 Gutierrez Village, Schenectady, NY 12791",p2p_transfer,,pending,1220.28
247,4,Mejia and Sons,2025-04-03 08:58:54,-275.33,"731 Taylor Dale, Staten Island, NY 16267",refund,,pending,286.02000000000004
248,37,Lawson-Lowe,2025-04-03 08:59:01,472.10,"9940 Brent Square, Ithaca, NY 17944",bill_payment,,pending,722.03
249,7,"Larsen, Cook and Moore",2025-04-03 09:19:09,424.46,"2866 Gonzales Points, Yonkers, NY 12774",p2p_transfer,,pending,654.44
250,13,Reyes PLC,2025-04-03 09:26:29,456.13,"3009 Mcdonald Stream, Niagara Falls, NY 19205",bill_payment,,pending,1317.3200000000002
251,8,"Martinez, Ryan and Johnson",2025-04-03 09:55:48,440.73,"4872 William Prairie, Cheektowaga, NY 16204",wire_transfer,,pending,857.52
252,28,"Wilson, Hart and George",2025-04-03 10:15:12,7.40,"4833 Jennifer Estate, New York, NY 15177",purchase,,pending,1508.38
253,6,Nichols Ltd,2025-04-03 10:36:04,124.83,"3020 Thomas Cape, New York, NY 13850",wire_transfer,,pending,-75.16000000000001
254,47,"Leon, Williams and Gray",2025-04-03 11:03:54,136.53,"7722 Williams Roads, Queens, NY 13327",wire_transfer,,pending,1170.4
255,53,Perry Inc,2025-04-03 11:08:04,94.68,"5604 Valencia Spring, Schenectady, NY 16700",p2p_transfer,,pending,928.76
256,14,"Bond, Henry and Reeves",2025-04-03 11:47:52,46.07,"7747 Mark Wall, Albany, NY 16005",purchase,,pending,1375.6
257,32,Robles-Paul,2025-04-03 12:05:19,396.23,"2690 Smith Track, Queens, NY 11421",p2p_transfer,,pending,1420.02
258,39,"Flores, Long and Byrd",2025-04-03 12:09:56,390.04,"1580 Carly Heights, New Mary, VT 02892",wire_transfer,,declined,1074.69
259,24,Carter Ltd,2025-04-03 12:17:10,-227.38,"341 Wright Forks, Brooklyn, NY 12575",refund,,pending,914.4
260,18,Hansen Ltd,2025-04-03 12:40:47,71.82,"1421 Davis Summit, New York, NY 10511",atm_withdrawal,,pending,37.84000000000003
261,29,Morrow LLC,2025-04-03 12:49:33,5914.20,"5079 Crystal Causeway, Buffalo, NY 18416",wire_transfer,,declined,3370.6
262,40,Allison Ltd,2025-04-03 12:50:46,311.88,"4992 Lauren Terrace, Bronx, NY 19453",wire_transfer,,pending,2013.9700000000003
263,23,"Hughes, Ramirez and Garcia",2025-04-03 13:13:34,223.20,"1760 David Stravenue, Troy, NY 11304",purchase,,pending,965.5799999999999
264,20,Harvey and Sons,2025-04-03 13:35:32,265.46,"3282 Cross Freeway, Staten Island, NY 19972",purchase,,pending,318.99999999999994
265,52,"Malone, Perry and Grant",2025-04-03 13:39:05,151.63,"516 Hogan Curve, Schenectady, NY 14916",atm_withdrawal,,pending,2295.6000000000004
266,41,"Stanley, Potter and Cummings",2025-04-03 13:43:20,97.41,"9253 Michael Brook, Troy, NY 18773",atm_withdrawal,,pending,140.00000000000003
267,33,Williams LLC,2025-04-03 14:13:23,349.52,"9406 Jeffrey Lights, Staten Island, NY 17060",bill_payment,,pending,841.62
268,33,"Bradley, Rocha and Cox",2025-04-03 14:15:36,22.30,"7900 Terry Rest, Cheektowaga, NY 13033",purchase,,pending,863.92
269,2,Chapman-Patrick,2025-04-03 14:18:49,-414.31,"3725 Johnson Common, New York, NY 10697",refund,,pending,525.0
270,41,Powell-Lewis,2025-04-03 14:34:34,36.65,"9303 Harrison Canyon, Syracuse, NY 11470",atm_withdrawal,,pending,176.65000000000003
271,30,"Oconnell, Gutierrez and Best",2025-04-03 14:38:08,54.19,"5111 Alejandro Pines, Binghamton, NY 12913",purchase,,pending,43.69999999999999
272,34,"Baker, Brown and Lopez",2025-04-03 15:11:29,-286.59,"5539 Dawn Stravenue, Lake Brianburgh, TX 77294",refund,,declined,1117.9199999999998
273,12,"Johnson, Jones and Smith",2025-04-03 15:18:26,171.81,"7882 Frank Hill, Binghamton, NY 11644",bill_payment,,pending,1014.0799999999999
274,52,Hernandez-Cochran,2025-04-03 15:28:12,191.93,"9314 Donald Manors, Binghamton, NY 10879",purchase,,pending,2487.53
275,36,Lopez-Lewis,2025-04-03 15:49:29,192.78,"9664 Fox Pass, Brooklyn, NY 19338",atm_withdrawal,,pending,2677.640000000001
276,33,Wood-Atkins,2025-04-03 16:28:32,76.49,"9859 Sean Island, Schenectady, NY 16079",purchase,,pending,940.41
277,52,Lucero Inc,2025-04-03 16:32:07,453.89,"5209 Debra Harbor, Albany, NY 10936",wire_transfer,,pending,2941.42
278,4,Moore-Garrett,2025-04-03 16:45:59,278.06,"5164 Hahn Circles, Ithaca, NY 12819",purchase,,pending,564.08
279,22,"Lucas, Herrera and Dominguez",2025-04-03 16:54:10,227.99,"6399 Ramsey Rapid, Rochester, NY 19789",p2p_transfer,,pending,1025.51
280,35,Ward Inc,2025-04-03 17:40:31,106.29,"7985 Brett Greens, Albany, NY 16396",wire_transfer,,pending,1114.5900000000001
281,51,Grimes LLC,2025-04-03 17:48:48,190.21,"628 Thomas Village, Rochester, NY 13866",atm_withdrawal,,pending,1476.87
282,50,Coleman Group,2025-04-03 17:50:20,209.10,"1999 Angela Well, Binghamton, NY 16509",bill_payment,,pending,5982.91
283,41,Jackson PLC,2025-04-03 18:25:26,1249.65,"8718 Hicks Causeway, Syracuse, NY 10067",p2p_transfer,,pending,1426.3000000000002
284,52,Ewing-Thompson,2025-04-03 18:29:28,-491.05,"3094 Emily Extension, Buffalo, NY 13776",refund,,pending,2450.37
285,22,"Ford, Larson and Sparks",2025-04-03 18:36:53,-422.39,"2943 James Lodge, Binghamton, NY 15723",refund,,pending,603.12
286,43,"Ross, James and Adams",2025-04-03 18:47:41,284.64,"7528 Sarah Mountain, Brooklyn, NY 18954",wire_transfer,,pending,733.6099999999999
287,5,Weaver and Sons,2025-04-03 18:47:48,469.52,"8583 Mckinney Run, New York, NY 16034",bill_payment,,pending,1689.8
288,45,Burns Group,2025-04-03 19:11:36,479.17,"9904 Melissa Fields, West Thomas, VT 02948",bill_payment,,declined,1289.6
289,3,Jacobson-Flores,2025-04-03 19:50:14,223.18,"8678 Dickerson Square, Bronx, NY 16367",p2p_transfer,,pending,4939.639999999999
290,3,White-Clark,2025-04-03 20:25:21,-455.75,"832 Owens Causeway, Brooklyn, NY 18812",refund,,pending,4483.889999999999
291,10,Wagner-Figueroa,2025-04-03 20:49:14,31.14,"7821 Randy Cove, New York, NY 14484",atm_withdrawal,,pending,200.54000000000002
292,20,"Morrow, Norman and Kim",2025-04-03 21:12:56,355.52,"934 Helen Lodge, Cheektowaga, NY 16482",p2p_transfer,,pending,674.52
293,35,Harris LLC,2025-04-03 21:33:03,981.90,"6648 Hammond Crest, Queens, NY 16017",p2p_transfer,,pending,2096.4900000000002
294,54,Jackson-Green,2025-04-03 21:33:42,153.01,"5442 Danielle Knoll, New York, NY 19674",wire_transfer,,pending,913.13
295,12,"Walsh, Turner and Meyer",2025-04-03 21:48:15,236.85,"2644 Joanna Isle, New York, NY 12749",wire_transfer,,pending,1250.9299999999998
296,36,"Olson, Myers and Mcclure",2025-04-03 21:48:40,465.39,"9285 Porter Roads, Utica, NY 19391",bill_payment,,pending,3143.0300000000007
297,28,Foley Group,2025-04-03 21:49:53,1672.50,"6806 Wang Court, Utica, NY 18990",bill_payment,,pending,3180.88
298,6,"Scott, Graham and Santos",2025-04-03 22:01:32,3564.45,"1199 Perry Stravenue, Rochester, NY 19478",bill_payment,,pending,3489.29
299,24,"Rogers, Ellis and Moran",2025-04-03 22:24:39,82.34,"8507 Conrad Roads, Ithaca, NY 19148",bill_payment,,pending,996.74
300,47,Stevenson-Shields,2025-04-03 22:36:31,458.80,"8528 Baker Summit, New York, NY 19754",p2p_transfer,,pending,1629.2
301,53,Miller-Harrison,2025-04-03 22:37:46,462.86,"3788 Oconnor Land, Niagara Falls, NY 18136",p2p_transfer,,pending,1391.62
302,12,"Reese, Goodwin and Meadows",2025-04-03 22:38:03,262.94,"5479 Roberta Ports, Bronx, NY 13346",purchase,,pending,1513.87
303,44,Patterson Ltd,2025-04-03 23:22:35,268.89,"1007 Mcfarland Spur, Ithaca, NY 11878",p2p_transfer,,pending,1111.12
304,39,Wright Ltd,2025-04-03 23:32:48,126.07,"4892 Tamara Track, West Ryanview, VT 01195",wire_transfer,,declined,1074.69
305,6,Lawrence-Stewart,2025-04-04 01:06:33,322.22,"3773 Stevens Prairie, Cheektowaga, NY 10014",bill_payment,,pending,3811.51
306,40,"Vance, Rasmussen and Martin",2025-04-04 01:21:50,184.85,"6070 Schmidt Unions, Queens, NY 10674",bill_payment,,pending,2198.82
307,32,Morgan-Charles,2025-04-04 01:27:33,2237.25,"9861 Bennett Road, White Plains, NY 16023",bill_payment,,pending,3657.27
308,5,Casey-Rogers,2025-04-04 01:28:16,-197.98,"9972 Cross Mountain, Yonkers, NY 19564",refund,,pending,1491.82
309,2,"Thomas, Mathews and Duffy",2025-04-04 01:37:42,-458.76,"8934 Robert Station, Syracuse, NY 18968",refund,,pending,66.24000000000001
310,37,Davis-Miller,2025-04-04 01:51:55,295.16,"2654 Rogers Heights, Cheektowaga, NY 10680",purchase,,pending,1017.19
311,46,Gardner-Todd,2025-04-04 01:52:29,28.14,"8803 Warner Lane, Rogersmouth, PA 16977",purchase,,pending,649.48
312,6,Thomas-Griffin,2025-04-04 02:00:30,284.17,"9844 Brittany Drives, Cheektowaga, NY 11351",wire_transfer,,pending,4095.6800000000003
313,37,Singh-Willis,2025-04-04 02:02:18,306.02,"795 Ricky Courts, Ithaca, NY 14955",wire_transfer,,pending,1323.21
314,7,Morgan Group,2025-04-04 02:10:18,215.78,"162 Gay Road, Troy, NY 18925",purchase,,pending,870.22
315,19,Davis-Harvey,2025-04-04 02:13:56,-145.57,"1359 Erika Inlet, Cheektowaga, NY 13366",refund,,pending,856.06
316,11,Sullivan-Sanchez,2025-04-04 02:24:51,180.59,"7849 Carlson Ranch, Staten Island, NY 14918",wire_transfer,,pending,1516.61
317,31,Strickland Inc,2025-04-04 02:34:34,477.16,"3747 Kramer Island, Troy, NY 15052",bill_payment,,pending,991.7
318,33,Ortiz-Snyder,2025-04-04 02:39:44,208.80,"7141 Kevin Gateway, Utica, NY 16225",purchase,,pending,1149.21
319,38,"Ford, Case and Garner",2025-04-04 03:19:39,446.40,"7235 Bauer Camp, Queens, NY 17124",wire_transfer,,pending,1515.1799999999998
320,41,"Lynch, Campbell and Morrison",2025-04-04 03:27:07,290.49,"4716 Christine Burgs, South Justin, TX 74082",wire_transfer,,declined,1426.3000000000002
321,47,"Harris, Allen and Lopez",2025-04-04 04:01:12,70.64,"9662 Davis Light, Niagara Falls, NY 16870",purchase,,pending,1699.8400000000001
322,39,Martinez-Sullivan,2025-04-04 04:02:16,128.68,"6279 David Light, Syracuse, NY 10218",wire_transfer,,pending,1203.3700000000001
323,36,Mcclure Group,2025-04-04 04:08:28,133.24,"156 Melissa Crossing, Staten Island, NY 13404",atm_withdrawal,,pending,3276.2700000000004
324,28,Mcguire-Franklin,2025-04-04 04:18:38,63.38,"4810 Osborne Square, Fosterfort, CA 97940",p2p_transfer,,declined,3180.88
325,3,Morales-Peck,2025-04-04 04:27:22,-399.38,"7419 Colton Groves, Crystalbury, CT 00996",refund,,declined,4483.889999999999
326,1,James Group,2025-04-04 04:39:18,-52.92,"925 Michael Oval, Syracuse, NY 14558",refund,,pending,232.89999999999998
327,17,"Ramirez, Jones and Cole",2025-04-04 05:07:56,227.45,"7161 Sanchez Squares, Buffalo, NY 14034",purchase,,pending,2901.3799999999997
328,39,Welch-Parker,2025-04-04 05:51:33,137.76,"7247 Fisher Rue, Ithaca, NY 11104",p2p_transfer,,pending,1341.13
329,34,Gonzalez Inc,2025-04-04 05:55:43,137.03,"6450 Stanley Circle, Ithaca, NY 17851",p2p_transfer,,pending,1254.9499999999998
330,38,Wallace Group,2025-04-04 05:59:28,34.68,"5887 Hudson Meadows, Binghamton, NY 19839",purchase,,pending,1549.86
331,45,Cooper Group,2025-04-04 06:05:06,482.09,"6654 Hoover Drive, New York, NY 11270",p2p_transfer,,pending,1771.6899999999998
332,37,Jones-Harvey,2025-04-04 06:11:51,51.94,"9613 Shannon Lights, White Plains, NY 11403",atm_withdrawal,,pending,1375.15
333,45,Ellison-Williams,2025-04-04 06:22:13,-205.37,"9665 Michelle Inlet, Bronx, NY 13952",refund,,pending,1566.3199999999997
334,6,Vega-Johnson,2025-04-04 06:24:20,277.51,"7112 Jones Trail, Niagara Falls, NY 14286",purchase,,pending,4373.1900000000005
335,19,"Zamora, Villa and Nelson",2025-04-04 06:27:09,428.24,"561 Jackson Court, White Plains, NY 16556",p2p_transfer,,pending,1284.3
336,7,"Hubbard, Thompson and Baker",2025-04-04 06:33:18,348.62,"5851 Stone Dale, Albany, NY 18954",p2p_transfer,,pending,1218.8400000000001
337,4,Reyes-Martinez,2025-04-04 06:54:40,456.50,"2233 Crystal Groves, Albany, NY 14201",bill_payment,,pending,1020.58
338,54,Cole-Lara,2025-04-04 07:20:21,-354.83,"6745 Justin Ferry, Cheektowaga, NY 10745",refund,,pending,558.3
339,12,Klein-Hill,2025-04-04 07:22:48,393.71,"7849 Martin Road, Schenectady, NY 19326",wire_transfer,,pending,1907.58
340,47,"Ramirez, Reed and Holland",2025-04-04 07:30:38,-11.96,"6087 Clark Plains, Cheektowaga, NY 17062",refund,,pending,1687.88
341,11,"Tate, Davis and Phillips",2025-04-04 07:33:21,440.03,"675 Rodriguez Parks, Peterbury, CA 90001",wire_transfer,,declined,1516.61
342,17,Conway-White,2025-04-04 08:38:50,174.20,"3065 Nguyen Landing, Cheektowaga, NY 13824",atm_withdrawal,,pending,3075.5799999999995
343,37,"Myers, Clarke and Coleman",2025-04-04 08:46:17,-432.65,"9767 Sanchez Springs, Queens, NY 17009",refund,,pending,942.5000000000001
344,51,Huynh Group,2025-04-04 09:00:30,-27.11,"7774 William Summit, Yonkers, NY 15867",refund,,pending,1449.76
345,50,Morris Group,2025-04-04 09:13:47,76.15,"568 Michael Extensions, Binghamton, NY 12699",wire_transfer,,pending,6059.0599999999995
346,47,Rodriguez-Martin,2025-04-04 09:17:40,66.81,"7924 Peter Grove, Bronx, NY 13927",purchase,,pending,1754.69
347,2,Montgomery Ltd,2025-04-04 09:21:53,85.80,"5872 Stevens Bridge, Troy, NY 10137",p2p_transfer,,pending,152.04000000000002
348,32,"Neal, Bolton and Scott",2025-04-04 09:34:01,394.93,"4639 Kimberly Valley, Yonkers, NY 13132",wire_transfer,,pending,4052.2
349,6,Henry Ltd,2025-04-04 09:53:05,-242.97,"4544 Bryan Estate, Staten Island, NY 11345",refund,,pending,4130.22
350,38,Smith-Wright,2025-04-04 09:55:08,122.84,"560 Timothy Harbors, Troy, NY 14373",bill_payment,,pending,1672.6999999999998
351,18,Bishop LLC,2025-04-04 10:17:27,55.33,"5775 Mitchell Light, Ithaca, NY 17183",p2p_transfer,,pending,93.17000000000003
352,44,"Cruz, Mendez and Rice",2025-04-04 10:20:29,141.48,"226 Terrell Manors, Cheektowaga, NY 16472",bill_payment,,pending,1252.6
353,42,Vazquez-Boyd,2025-04-04 10:24:19,235.80,"9360 Vega Meadows, West Ashleyshire, TX 78803",bill_payment,,declined,971.28
354,47,Wilson-Bell,2025-04-04 10:39:18,52.51,"7397 Williams Burgs, Schenectady, NY 12250",atm_withdrawal,,pending,1807.2
355,36,Hardin-Thomas,2025-04-04 10:46:06,456.71,"2640 Rush Ranch, Albany, NY 19001",wire_transfer,,pending,3732.9800000000005
356,35,"Conner, Duncan and Taylor",2025-04-04 10:49:51,418.07,"7210 Janet Branch, New Chadland, NJ 06554",p2p_transfer,,declined,2096.4900000000002
357,51,"Washington, Foley and Arroyo",2025-04-04 11:19:23,83.44,"8274 Oneill Circle, Cheektowaga, NY 12262",wire_transfer,,pending,1533.2
358,17,"Smith, Owens and Wade",2025-04-04 11:20:29,358.41,"1508 Harding Stravenue, White Plains, NY 11626",p2p_transfer,,pending,3433.9899999999993
359,41,Vaughn-Rivera,2025-04-04 11:49:35,167.92,"1346 Aaron Neck, Binghamton, NY 12384",purchase,,pending,1594.2200000000003
360,2,"Love, Hudson and Hall",2025-04-04 12:10:52,287.09,"1572 Michelle Stravenue, Brooklyn, NY 12672",p2p_transfer,,pending,439.13
361,47,Buchanan Group,2025-04-04 12:11:10,154.91,"445 Gregory Path, Port Davidhaven, MA 02673",wire_transfer,,declined,1807.2
362,12,Carlson-Rhodes,2025-04-04 12:14:33,92.12,"4959 Hall Crossroad, New York, NY 16014",atm_withdrawal,,pending,1999.6999999999998
363,16,Jackson Ltd,2025-04-04 12:29:43,-291.32,"8262 Scott Vista, Rochester, NY 17349",refund,,pending,2818.5499999999997
364,43,Alexander LLC,2025-04-04 12:31:58,3942.15,"4004 Kristin Summit, Amandafort, IL 68900",p2p_transfer,,declined,733.6099999999999
365,34,Gardner Group,2025-04-04 12:37:00,318.74,"4376 Candace Burg, Bronx, NY 12501",p2p_transfer,,pending,1573.6899999999998
366,52,"Reed, Clay and Perkins",2025-04-04 12:41:18,463.96,"1519 Melissa Fields, Troy, NY 16394",p2p_transfer,,pending,2914.33
367,54,Smith-Chapman,2025-04-04 13:02:23,142.34,"6368 Salazar Summit, Yonkers, NY 11008",atm_withdrawal,,pending,700.64
368,18,Carpenter-Lee,2025-04-04 13:03:43,373.89,"732 Edwards Circle, Brooklyn, NY 11564",bill_payment,,pending,467.06
369,5,Dorsey-Beltran,2025-04-04 13:05:43,221.92,"3623 Lisa Drive, Rochester, NY 11324",wire_transfer,,pending,1713.74
370,22,"Crawford, Pitts and Sexton",2025-04-04 13:12:17,218.28,"1065 Hannah Cape, Syracuse, NY 16573",purchase,,pending,821.4
371,36,Perry-Anderson,2025-04-04 14:13:40,417.37,"7433 Beverly Forks, Brooklyn, NY 19576",wire_transfer,,pending,4150.35
372,1,Delgado-Henson,2025-04-04 14:37:10,139.76,"583 Melissa Shoal, Utica, NY 15536",atm_withdrawal,,pending,372.65999999999997
373,29,"Eaton, Benjamin and Patterson",2025-04-04 15:05:11,50.49,"8705 Haynes Expressway, Troy, NY 14993",atm_withdrawal,,pending,3421.0899999999997
374,50,"Keller, Torres and Oneill",2025-04-04 15:16:48,327.06,"1745 Pittman Route, Utica, NY 10793",wire_transfer,,pending,6386.12
375,26,Miller-Reid,2025-04-04 16:02:18,88.05,"7939 Herman Terrace, Syracuse, NY 18885",atm_withdrawal,,declined,1194.29
376,46,"Gonzalez, Welch and Moore",2025-04-04 16:25:32,241.28,"297 Adams Gateway, Troy, NY 19562",purchase,,pending,890.76
377,53,"Gilmore, Sharp and Walsh",2025-04-04 16:34:47,139.50,"9587 Robert Mews, White Plains, NY 10961",purchase,,pending,1531.12
378,18,Contreras-Hayes,2025-04-04 16:42:05,20.51,"2273 Hawkins Extensions, Cheektowaga, NY 11116",atm_withdrawal,,pending,487.57
379,25,Smith LLC,2025-04-04 17:28:58,396.80,"2567 Hale Trail, Syracuse, NY 13519",bill_payment,,pending,965.2
380,31,Turner-Taylor,2025-04-04 17:31:43,165.38,"9902 Christopher Row, Staten Island, NY 18899",purchase,,pending,1157.08
381,13,Wilson-Olson,2025-04-04 18:07:32,72.11,"7866 Victor Grove, Ithaca, NY 10880",purchase,,pending,1389.43
382,32,Cooper-Garcia,2025-04-04 18:11:47,-342.38,"1199 Clark Tunnel, Binghamton, NY 10532",refund,,pending,3709.8199999999997
383,14,Garrison-Moore,2025-04-04 18:29:30,360.59,"2087 Megan Summit, Schenectady, NY 11228",wire_transfer,,pending,1736.1899999999998
384,27,Murphy-Malone,2025-04-04 18:48:48,323.22,"5030 Stewart Plaza, Syracuse, NY 17007",p2p_transfer,,pending,3359.2699999999995
385,37,Mccoy PLC,2025-04-04 18:51:36,336.75,"1964 Thompson Loop, Ithaca, NY 19954",wire_transfer,,pending,1279.25
386,44,"Lynch, Alexander and Torres",2025-04-04 19:18:16,217.48,"887 Giles Unions, Utica, NY 16187",p2p_transfer,,pending,1470.08
387,38,"Scott, Tate and Robertson",2025-04-04 19:40:13,227.84,"933 Megan Fall, Queens, NY 19788",p2p_transfer,,pending,1900.5399999999997
388,26,Brown PLC,2025-04-04 19:49:30,-214.65,"9768 Miller Circles, Brooklyn, NY 16714",refund,,pending,979.64
389,31,Bennett LLC,2025-04-04 19:55:16,-436.65,"3179 White Street, Ithaca, NY 14501",refund,,pending,720.43
390,28,"Sims, Gonzales and Anderson",2025-04-04 20:30:37,428.80,"2183 Scott Overpass, Albany, NY 14854",bill_payment,,pending,3609.6800000000003
391,25,Miller Ltd,2025-04-04 20:35:42,467.13,"4002 Charles Gateway, New York, NY 19292",p2p_transfer,,pending,1432.33
392,3,Calderon and Sons,2025-04-04 20:59:24,66.77,"1889 Theresa Island, Brooklyn, NY 18325",bill_payment,,pending,4550.66
393,5,Lawson-Jackson,2025-04-04 21:13:28,447.38,"5817 Colleen Creek, Bronx, NY 14406",wire_transfer,,pending,2161.12
394,40,Allen-Hernandez,2025-04-04 21:19:12,267.66,"1835 Dawn Skyway, Binghamton, NY 17615",purchase,,pending,2466.48
395,5,"Soto, Freeman and Turner",2025-04-04 21:25:15,453.27,"5976 Karla Meadow, White Plains, NY 11501",wire_transfer,,pending,2614.39
396,19,Baker-Shea,2025-04-04 21:58:58,47.03,"3446 Wright Ridge, Albany, NY 19993",atm_withdrawal,,pending,1331.33
397,18,White-Hogan,2025-04-04 22:02:04,81.36,"5011 Reeves Park, Rochester, NY 14695",atm_withdrawal,,pending,568.93
398,16,"Moreno, Maldonado and Berry",2025-04-04 23:02:08,-58.39,"7427 Green Ways, Port John, VT 05794",refund,,declined,2818.5499999999997
399,15,"Turner, Johnson and Meyer",2025-04-04 23:40:13,-405.24,"4049 Gibson Field, Utica, NY 11207",refund,,pending,642.3599999999999
400,40,Wood-Boyle,2025-04-04 23:51:21,146.15,"7678 Abigail Streets, Brooklyn, NY 19329",atm_withdrawal,,pending,2612.63
